Model,accuracy,precision,recall,f1,PCA,PickBest,OverSampling,OverUnderSampling,UnderSampling
Logistic Regression,0.7460861056751468,0.1352702933065682,0.776,0.23028385712593497,False,False,True,False,False
KNN,0.7957436399217221,0.10942626902951938,0.44299999999999995,0.17533225781352138,False,False,True,False,False
Decision Tree,0.7961839530332682,0.12874714350108127,0.5469999999999999,0.2081838108953439,False,False,True,False,False
Adaboost,0.7974559686888454,0.14193294142470314,0.6210000000000002,0.23055507932299193,False,False,True,False,False
SVM,0.7402641878669277,0.13450326156838904,0.792,0.2298686155462734,False,False,True,False,False
