Model,accuracy,precision,recall,f1,PCA,PickBest,OverSampling,OverUnderSampling,UnderSampling
Logistic Regression,0.7417318982387476,0.13338985818344057,0.7779999999999999,0.2276760510684419,False,True,True,False,False
KNN,0.7835127201565557,0.12093945295577176,0.546,0.1978737171226102,False,True,True,False,False
Decision Tree,0.8780821917808218,0.10364477140634402,0.195,0.1345698136400013,False,True,True,False,False
Adaboost,0.9013698630136984,0.14536758438078307,0.20800000000000005,0.17085335281983247,False,True,True,False,False
SVM,0.7681996086105676,0.1322834214636411,0.671,0.22087205519949088,False,True,True,False,False
