Model,accuracy,precision,recall,f1,PCA,PickBest,OverSampling,OverUnderSampling,UnderSampling
Logistic Regression,0.7369373776908025,0.1324004346012848,0.788,0.22665039474550755,False,True,False,False,False
KNN,0.9467221135029357,0.0940909090909091,0.007999999999999998,0.014396157708097082,False,True,False,False,False
Decision Tree,0.9141389432485321,0.11695889112053928,0.11500000000000003,0.11528637048789185,False,True,False,False,False
Adaboost,0.9411937377690803,0.20017239318129412,0.06600000000000002,0.09867909449723748,False,True,False,False,False
SVM,0.7632583170254403,0.13068610322079927,0.6789999999999999,0.21909385457843808,False,True,False,False,False
