Model,accuracy,precision,recall,f1,PCA,PickBest,OverSampling,OverUnderSampling,UnderSampling
Logistic Regression,0.7288649706457926,0.11132557206773885,0.65,0.1899286108276273,True,True,True,False,False
KNN,0.7490215264187867,0.09811137345032167,0.5039999999999999,0.16412831151288226,True,True,True,False,False
Decision Tree,0.842211350293542,0.10521542861223246,0.29600000000000004,0.15504273999708965,True,True,True,False,False
Adaboost,0.839041095890411,0.11736204101396208,0.3460000000000001,0.17492248107224495,True,True,True,False,False
SVM,0.6261252446183952,0.09610877111038633,0.7859999999999999,0.17115465289633314,True,True,True,False,False
