Model,accuracy,precision,recall,f1,PCA,PickBest,OverSampling,OverUnderSampling,UnderSampling
Logistic Regression,0.7172700587084149,0.11505180064516067,0.714,0.19810382856218248,True,False,False,False,False
KNN,0.9489236790606655,0.16345238095238096,0.013000000000000001,0.023759583312711413,True,False,False,False,False
Decision Tree,0.9121819960861055,0.10082381790341854,0.10100000000000002,0.10007617109952793,True,False,False,False,False
Adaboost,0.9411937377690801,0.1460749308311228,0.038000000000000006,0.05934817556250155,True,False,False,False,False
SVM,0.8330234833659491,0.09817053912713986,0.293,0.146851599970733,True,False,False,False,False
